file,class,method,constructor,line,cbo,cboModified,fanin,fanout,wmc,rfc,loc,returnsQty,variablesQty,parametersQty,methodsInvokedQty,methodsInvokedLocalQty,methodsInvokedIndirectLocalQty,loopQty,comparisonsQty,tryCatchQty,parenthesizedExpsQty,stringLiteralsQty,numbersQty,assignmentsQty,mathOperationsQty,maxNestedBlocksQty,anonymousClassesQty,innerClassesQty,lambdasQty,uniqueWordsQty,modifiers,logStatementsQty,hasJavaDoc
/Users/angelikamentzelopoulou/Desktop/Y3/RP/BSc-Research-Project-Understandable-Test-Generation/benchmark/SF110-src/SF110-20130704-src/86_at-robots2-j/src/main/java/net/virtualinfinity/atrobots/robot/Robot.java,net.virtualinfinity.atrobots.robot.Robot$Anonymous2,write/1[short],false,155,1,2,0,2,1,2,3,0,0,1,2,0,0,0,0,0,0,0,0,0,0,0,0,0,0,5,1,0,false
/Users/angelikamentzelopoulou/Desktop/Y3/RP/BSc-Research-Project-Understandable-Test-Generation/benchmark/SF110-src/SF110-20130704-src/86_at-robots2-j/src/main/java/net/virtualinfinity/atrobots/robot/Robot.java,net.virtualinfinity.atrobots.robot.Robot$Anonymous1,read/0,false,135,1,2,0,2,1,1,3,1,0,0,1,0,0,0,0,0,0,0,0,0,0,0,0,0,0,4,1,0,false
/Users/angelikamentzelopoulou/Desktop/Y3/RP/BSc-Research-Project-Understandable-Test-Generation/benchmark/SF110-src/SF110-20130704-src/86_at-robots2-j/src/main/java/net/virtualinfinity/atrobots/robot/Robot.java,net.virtualinfinity.atrobots.robot.Robot$Anonymous4,write/1[short],false,195,0,2,0,2,1,1,3,0,0,1,1,0,0,0,0,0,0,0,0,0,0,0,0,0,0,2,1,0,false
/Users/angelikamentzelopoulou/Desktop/Y3/RP/BSc-Research-Project-Understandable-Test-Generation/benchmark/SF110-src/SF110-20130704-src/86_at-robots2-j/src/main/java/net/virtualinfinity/atrobots/robot/Robot.java,net.virtualinfinity.atrobots.robot.Robot$Anonymous4,read/0,false,191,0,2,0,2,1,1,3,1,0,0,1,0,0,0,0,0,0,0,0,0,0,0,0,0,0,1,1,0,false
/Users/angelikamentzelopoulou/Desktop/Y3/RP/BSc-Research-Project-Understandable-Test-Generation/benchmark/SF110-src/SF110-20130704-src/86_at-robots2-j/src/main/java/net/virtualinfinity/atrobots/robot/Robot.java,net.virtualinfinity.atrobots.robot.Robot$GetRobotInfoInterrupt,handleInterrupt/0,false,473,1,3,0,3,1,7,5,0,0,0,7,0,0,0,0,0,0,0,1,0,1,0,0,0,0,8,1,0,false
/Users/angelikamentzelopoulou/Desktop/Y3/RP/BSc-Research-Project-Understandable-Test-Generation/benchmark/SF110-src/SF110-20130704-src/86_at-robots2-j/src/main/java/net/virtualinfinity/atrobots/robot/Robot.java,net.virtualinfinity.atrobots.robot.Robot$GetRobotInfoInterrupt,"GetRobotInfoInterrupt/3[net.virtualinfinity.atrobots.robot.MemoryCell,net.virtualinfinity.atrobots.robot.MemoryCell,net.virtualinfinity.atrobots.robot.MemoryCell]",true,467,1,1,1,0,1,0,5,0,0,3,0,0,0,0,0,0,0,0,0,3,0,0,0,0,0,11,2,0,false
/Users/angelikamentzelopoulou/Desktop/Y3/RP/BSc-Research-Project-Understandable-Test-Generation/benchmark/SF110-src/SF110-20130704-src/86_at-robots2-j/src/main/java/net/virtualinfinity/atrobots/robot/Robot.java,net.virtualinfinity.atrobots.robot.Robot$Anonymous3,write/1[short],false,179,1,2,0,2,2,1,3,0,0,1,1,0,0,0,1,0,0,0,1,0,0,0,0,0,0,4,1,0,false
/Users/angelikamentzelopoulou/Desktop/Y3/RP/BSc-Research-Project-Understandable-Test-Generation/benchmark/SF110-src/SF110-20130704-src/86_at-robots2-j/src/main/java/net/virtualinfinity/atrobots/robot/Robot.java,net.virtualinfinity.atrobots.robot.Robot$Anonymous3,read/0,false,175,1,2,0,2,2,1,3,1,0,0,1,0,0,0,0,0,1,0,2,0,0,0,0,0,0,3,1,0,false
/Users/angelikamentzelopoulou/Desktop/Y3/RP/BSc-Research-Project-Understandable-Test-Generation/benchmark/SF110-src/SF110-20130704-src/86_at-robots2-j/src/main/java/net/virtualinfinity/atrobots/robot/Robot.java,net.virtualinfinity.atrobots.robot.Robot$GetRobotStatisticsInterrupt,"GetRobotStatisticsInterrupt/3[net.virtualinfinity.atrobots.robot.MemoryCell,net.virtualinfinity.atrobots.robot.MemoryCell,net.virtualinfinity.atrobots.robot.MemoryCell]",true,488,1,1,1,0,1,0,5,0,0,3,0,0,0,0,0,0,0,0,0,3,0,0,0,0,0,10,2,0,false
/Users/angelikamentzelopoulou/Desktop/Y3/RP/BSc-Research-Project-Understandable-Test-Generation/benchmark/SF110-src/SF110-20130704-src/86_at-robots2-j/src/main/java/net/virtualinfinity/atrobots/robot/Robot.java,net.virtualinfinity.atrobots.robot.Robot$GetRobotStatisticsInterrupt,handleInterrupt/0,false,494,1,3,0,3,1,4,5,0,0,0,4,0,0,0,0,0,0,0,0,0,0,0,0,0,0,7,1,0,false
/Users/angelikamentzelopoulou/Desktop/Y3/RP/BSc-Research-Project-Understandable-Test-Generation/benchmark/SF110-src/SF110-20130704-src/86_at-robots2-j/src/main/java/net/virtualinfinity/atrobots/robot/Robot.java,net.virtualinfinity.atrobots.robot.Robot,setHardwareBus/1[net.virtualinfinity.atrobots.robot.HardwareBus],false,247,1,0,0,0,1,0,3,0,0,1,0,0,0,0,0,0,0,0,0,1,0,0,0,0,0,4,1,0,false
/Users/angelikamentzelopoulou/Desktop/Y3/RP/BSc-Research-Project-Understandable-Test-Generation/benchmark/SF110-src/SF110-20130704-src/86_at-robots2-j/src/main/java/net/virtualinfinity/atrobots/robot/Robot.java,net.virtualinfinity.atrobots.robot.Robot,getShield/0,false,206,1,1,1,0,1,0,3,1,0,0,0,0,0,0,0,0,0,0,0,0,0,0,0,0,0,3,1,0,false
/Users/angelikamentzelopoulou/Desktop/Y3/RP/BSc-Research-Project-Understandable-Test-Generation/benchmark/SF110-src/SF110-20130704-src/86_at-robots2-j/src/main/java/net/virtualinfinity/atrobots/robot/Robot.java,net.virtualinfinity.atrobots.robot.Robot,"inflictDamage/2[net.virtualinfinity.atrobots.robot.DamageInflicter,double]",false,320,1,0,0,0,4,8,13,0,1,2,8,0,0,0,0,0,0,0,1,2,0,2,0,0,0,12,1,0,false
/Users/angelikamentzelopoulou/Desktop/Y3/RP/BSc-Research-Project-Understandable-Test-Generation/benchmark/SF110-src/SF110-20130704-src/86_at-robots2-j/src/main/java/net/virtualinfinity/atrobots/robot/Robot.java,net.virtualinfinity.atrobots.robot.Robot,getMineLayer/0,false,201,1,0,0,0,1,0,3,1,0,0,0,0,0,0,0,0,0,0,0,0,0,0,0,0,0,4,1,0,false
/Users/angelikamentzelopoulou/Desktop/Y3/RP/BSc-Research-Project-Understandable-Test-Generation/benchmark/SF110-src/SF110-20130704-src/86_at-robots2-j/src/main/java/net/virtualinfinity/atrobots/robot/Robot.java,net.virtualinfinity.atrobots.robot.Robot,"doScan/3[net.virtualinfinity.atrobots.robot.AngleBracket,double,boolean]",false,271,5,1,1,0,1,9,10,1,4,3,9,0,0,0,0,0,0,0,0,4,0,0,0,0,0,16,2,0,false
/Users/angelikamentzelopoulou/Desktop/Y3/RP/BSc-Research-Project-Understandable-Test-Generation/benchmark/SF110-src/SF110-20130704-src/86_at-robots2-j/src/main/java/net/virtualinfinity/atrobots/robot/Robot.java,net.virtualinfinity.atrobots.robot.Robot,winRound/0,false,381,0,0,0,0,2,1,5,0,0,0,1,0,0,1,0,0,0,0,0,0,0,1,0,0,0,7,1,0,false
/Users/angelikamentzelopoulou/Desktop/Y3/RP/BSc-Research-Project-Understandable-Test-Generation/benchmark/SF110-src/SF110-20130704-src/86_at-robots2-j/src/main/java/net/virtualinfinity/atrobots/robot/Robot.java,net.virtualinfinity.atrobots.robot.Robot,accept/1[net.virtualinfinity.atrobots.robot.ArenaObjectVisitor],false,455,1,0,0,0,1,1,3,0,0,1,1,0,0,0,0,0,0,0,0,0,0,0,0,0,0,5,1,0,false
/Users/angelikamentzelopoulou/Desktop/Y3/RP/BSc-Research-Project-Understandable-Test-Generation/benchmark/SF110-src/SF110-20130704-src/86_at-robots2-j/src/main/java/net/virtualinfinity/atrobots/robot/Robot.java,net.virtualinfinity.atrobots.robot.Robot,getTurretOffsetSensor/0,false,133,2,0,0,0,1,0,8,1,0,0,0,0,0,0,0,0,0,0,0,0,0,0,1,0,0,8,1,0,false
/Users/angelikamentzelopoulou/Desktop/Y3/RP/BSc-Research-Project-Understandable-Test-Generation/benchmark/SF110-src/SF110-20130704-src/86_at-robots2-j/src/main/java/net/virtualinfinity/atrobots/robot/Robot.java,net.virtualinfinity.atrobots.robot.Robot,"Robot/3[java.lang.String,int,net.virtualinfinity.atrobots.robot.RobotScore]",true,67,1,0,0,0,1,0,6,0,0,3,0,0,0,0,0,0,0,0,1,4,0,0,0,0,0,4,1,0,false
/Users/angelikamentzelopoulou/Desktop/Y3/RP/BSc-Research-Project-Understandable-Test-Generation/benchmark/SF110-src/SF110-20130704-src/86_at-robots2-j/src/main/java/net/virtualinfinity/atrobots/robot/Robot.java,net.virtualinfinity.atrobots.robot.Robot,setTurretOffset/1[net.virtualinfinity.atrobots.robot.RelativeAngle],false,161,2,3,1,2,1,6,3,0,0,1,6,2,1,0,0,0,0,0,0,0,0,0,0,0,0,8,2,0,false
/Users/angelikamentzelopoulou/Desktop/Y3/RP/BSc-Research-Project-Understandable-Test-Generation/benchmark/SF110-src/SF110-20130704-src/86_at-robots2-j/src/main/java/net/virtualinfinity/atrobots/robot/Robot.java,net.virtualinfinity.atrobots.robot.Robot,update/1[net.virtualinfinity.atrobots.robot.Duration],false,344,2,8,0,8,12,19,30,0,0,1,19,8,2,0,0,0,0,0,18,0,7,1,0,0,0,20,1,0,false
/Users/angelikamentzelopoulou/Desktop/Y3/RP/BSc-Research-Project-Understandable-Test-Generation/benchmark/SF110-src/SF110-20130704-src/86_at-robots2-j/src/main/java/net/virtualinfinity/atrobots/robot/Robot.java,net.virtualinfinity.atrobots.robot.Robot,destruct/0,false,84,1,2,1,1,1,2,3,0,0,0,2,1,1,0,0,0,0,0,0,0,0,0,0,0,0,3,1,0,false
/Users/angelikamentzelopoulou/Desktop/Y3/RP/BSc-Research-Project-Understandable-Test-Generation/benchmark/SF110-src/SF110-20130704-src/86_at-robots2-j/src/main/java/net/virtualinfinity/atrobots/robot/Robot.java,net.virtualinfinity.atrobots.robot.Robot,getLastDamageTaken/0,false,108,1,1,1,0,1,0,3,1,0,0,0,0,0,0,0,0,0,0,0,0,0,0,0,0,0,6,1,0,false
/Users/angelikamentzelopoulou/Desktop/Y3/RP/BSc-Research-Project-Understandable-Test-Generation/benchmark/SF110-src/SF110-20130704-src/86_at-robots2-j/src/main/java/net/virtualinfinity/atrobots/robot/Robot.java,net.virtualinfinity.atrobots.robot.Robot,"createMissile/3[net.virtualinfinity.atrobots.robot.AbsoluteAngle,net.virtualinfinity.atrobots.robot.Position,double]",false,451,4,1,0,1,1,1,3,1,0,3,1,1,1,0,0,0,0,0,0,0,0,0,0,0,0,5,1,0,false
/Users/angelikamentzelopoulou/Desktop/Y3/RP/BSc-Research-Project-Understandable-Test-Generation/benchmark/SF110-src/SF110-20130704-src/86_at-robots2-j/src/main/java/net/virtualinfinity/atrobots/robot/Robot.java,net.virtualinfinity.atrobots.robot.Robot,(initializer 1),false,63,0,0,0,0,1,1,3,0,0,0,1,0,0,0,0,0,0,0,0,0,0,0,0,0,0,1,0,0,false
/Users/angelikamentzelopoulou/Desktop/Y3/RP/BSc-Research-Project-Understandable-Test-Generation/benchmark/SF110-src/SF110-20130704-src/86_at-robots2-j/src/main/java/net/virtualinfinity/atrobots/robot/Robot.java,net.virtualinfinity.atrobots.robot.Robot,getOdometer/0,false,117,1,0,0,0,1,0,3,1,0,0,0,0,0,0,0,0,0,0,0,0,0,0,0,0,0,3,1,0,false
/Users/angelikamentzelopoulou/Desktop/Y3/RP/BSc-Research-Project-Understandable-Test-Generation/benchmark/SF110-src/SF110-20130704-src/86_at-robots2-j/src/main/java/net/virtualinfinity/atrobots/robot/Robot.java,net.virtualinfinity.atrobots.robot.Robot,getThrottle/0,false,121,1,1,1,0,1,0,3,1,0,0,0,0,0,0,0,0,0,0,0,0,0,0,0,0,0,3,1,0,false
/Users/angelikamentzelopoulou/Desktop/Y3/RP/BSc-Research-Project-Understandable-Test-Generation/benchmark/SF110-src/SF110-20130704-src/86_at-robots2-j/src/main/java/net/virtualinfinity/atrobots/robot/Robot.java,net.virtualinfinity.atrobots.robot.Robot,setArmor/1[net.virtualinfinity.atrobots.robot.Armor],false,222,1,0,0,0,1,1,4,0,0,1,1,0,0,0,0,0,0,0,0,1,0,0,0,0,0,3,1,0,false
/Users/angelikamentzelopoulou/Desktop/Y3/RP/BSc-Research-Project-Understandable-Test-Generation/benchmark/SF110-src/SF110-20130704-src/86_at-robots2-j/src/main/java/net/virtualinfinity/atrobots/robot/Robot.java,net.virtualinfinity.atrobots.robot.Robot,setSonar/1[net.virtualinfinity.atrobots.robot.Sonar],false,231,1,0,0,0,1,0,3,0,0,1,0,0,0,0,0,0,0,0,0,1,0,0,0,0,0,3,1,0,false
/Users/angelikamentzelopoulou/Desktop/Y3/RP/BSc-Research-Project-Understandable-Test-Generation/benchmark/SF110-src/SF110-20130704-src/86_at-robots2-j/src/main/java/net/virtualinfinity/atrobots/robot/Robot.java,net.virtualinfinity.atrobots.robot.Robot,setComputer/1[net.virtualinfinity.atrobots.robot.Computer],false,74,2,2,0,2,1,4,5,0,0,1,4,2,1,0,0,0,0,0,0,1,0,0,0,0,0,6,1,0,false
/Users/angelikamentzelopoulou/Desktop/Y3/RP/BSc-Research-Project-Understandable-Test-Generation/benchmark/SF110-src/SF110-20130704-src/86_at-robots2-j/src/main/java/net/virtualinfinity/atrobots/robot/Robot.java,net.virtualinfinity.atrobots.robot.Robot,"createGetRobotInfoInterruptHandler/3[net.virtualinfinity.atrobots.robot.MemoryCell,net.virtualinfinity.atrobots.robot.MemoryCell,net.virtualinfinity.atrobots.robot.MemoryCell]",false,443,3,1,0,1,1,0,3,1,0,3,0,0,0,0,0,0,0,0,0,0,0,0,0,0,0,11,1,0,false
/Users/angelikamentzelopoulou/Desktop/Y3/RP/BSc-Research-Project-Understandable-Test-Generation/benchmark/SF110-src/SF110-20130704-src/86_at-robots2-j/src/main/java/net/virtualinfinity/atrobots/robot/Robot.java,net.virtualinfinity.atrobots.robot.Robot,getName/0,false,406,0,2,2,0,1,0,3,1,0,0,0,0,0,0,0,0,0,0,0,0,0,0,0,0,0,3,1,0,false
/Users/angelikamentzelopoulou/Desktop/Y3/RP/BSc-Research-Project-Understandable-Test-Generation/benchmark/SF110-src/SF110-20130704-src/86_at-robots2-j/src/main/java/net/virtualinfinity/atrobots/robot/Robot.java,net.virtualinfinity.atrobots.robot.Robot,getLastDamageGiven/0,false,104,1,1,1,0,1,0,3,1,0,0,0,0,0,0,0,0,0,0,0,0,0,0,0,0,0,6,1,0,false
/Users/angelikamentzelopoulou/Desktop/Y3/RP/BSc-Research-Project-Understandable-Test-Generation/benchmark/SF110-src/SF110-20130704-src/86_at-robots2-j/src/main/java/net/virtualinfinity/atrobots/robot/Robot.java,net.virtualinfinity.atrobots.robot.Robot,getTurret/0,false,88,1,4,4,0,1,0,3,1,0,0,0,0,0,0,0,0,0,0,0,0,0,0,0,0,0,3,1,0,false
/Users/angelikamentzelopoulou/Desktop/Y3/RP/BSc-Research-Project-Understandable-Test-Generation/benchmark/SF110-src/SF110-20130704-src/86_at-robots2-j/src/main/java/net/virtualinfinity/atrobots/robot/Robot.java,net.virtualinfinity.atrobots.robot.Robot,getTransceiver/0,false,112,1,0,0,0,1,0,3,1,0,0,0,0,0,0,0,0,0,0,0,0,0,0,0,0,0,3,1,0,false
/Users/angelikamentzelopoulou/Desktop/Y3/RP/BSc-Research-Project-Understandable-Test-Generation/benchmark/SF110-src/SF110-20130704-src/86_at-robots2-j/src/main/java/net/virtualinfinity/atrobots/robot/Robot.java,net.virtualinfinity.atrobots.robot.Robot,getTurretShift/0,false,141,1,3,1,2,1,6,3,1,0,0,6,2,1,0,0,0,0,0,0,0,0,0,0,0,0,4,1,0,false
/Users/angelikamentzelopoulou/Desktop/Y3/RP/BSc-Research-Project-Understandable-Test-Generation/benchmark/SF110-src/SF110-20130704-src/86_at-robots2-j/src/main/java/net/virtualinfinity/atrobots/robot/Robot.java,net.virtualinfinity.atrobots.robot.Robot,getTotalKills/0,false,410,0,2,2,0,1,1,3,1,0,0,1,0,0,0,0,0,0,0,0,0,0,0,0,0,0,3,1,0,false
/Users/angelikamentzelopoulou/Desktop/Y3/RP/BSc-Research-Project-Understandable-Test-Generation/benchmark/SF110-src/SF110-20130704-src/86_at-robots2-j/src/main/java/net/virtualinfinity/atrobots/robot/Robot.java,net.virtualinfinity.atrobots.robot.Robot,getComputer/0,false,80,1,3,3,0,1,0,3,1,0,0,0,0,0,0,0,0,0,0,0,0,0,0,0,0,0,3,1,0,false
/Users/angelikamentzelopoulou/Desktop/Y3/RP/BSc-Research-Project-Understandable-Test-Generation/benchmark/SF110-src/SF110-20130704-src/86_at-robots2-j/src/main/java/net/virtualinfinity/atrobots/robot/Robot.java,net.virtualinfinity.atrobots.robot.Robot,setThrottle/1[net.virtualinfinity.atrobots.robot.Throttle],false,375,1,0,0,0,1,2,5,0,0,1,2,0,0,0,0,0,0,0,0,1,0,0,0,0,0,6,1,0,false
/Users/angelikamentzelopoulou/Desktop/Y3/RP/BSc-Research-Project-Understandable-Test-Generation/benchmark/SF110-src/SF110-20130704-src/86_at-robots2-j/src/main/java/net/virtualinfinity/atrobots/robot/Robot.java,net.virtualinfinity.atrobots.robot.Robot,arenaConnected/1[net.virtualinfinity.atrobots.robot.Arena],false,439,1,0,0,0,1,2,3,0,0,1,2,0,0,0,0,0,0,0,0,0,0,0,0,0,0,3,4,0,false
/Users/angelikamentzelopoulou/Desktop/Y3/RP/BSc-Research-Project-Understandable-Test-Generation/benchmark/SF110-src/SF110-20130704-src/86_at-robots2-j/src/main/java/net/virtualinfinity/atrobots/robot/Robot.java,net.virtualinfinity.atrobots.robot.Robot,isOverburn/0,false,185,0,5,5,0,1,0,3,1,0,0,0,0,0,0,0,0,0,0,0,0,0,0,0,0,0,3,1,0,false
/Users/angelikamentzelopoulou/Desktop/Y3/RP/BSc-Research-Project-Understandable-Test-Generation/benchmark/SF110-src/SF110-20130704-src/86_at-robots2-j/src/main/java/net/virtualinfinity/atrobots/robot/Robot.java,net.virtualinfinity.atrobots.robot.Robot,setMineLayer/1[net.virtualinfinity.atrobots.robot.MineLayer],false,235,1,0,0,0,1,0,3,0,0,1,0,0,0,0,0,0,0,0,0,1,0,0,0,0,0,4,1,0,false
/Users/angelikamentzelopoulou/Desktop/Y3/RP/BSc-Research-Project-Understandable-Test-Generation/benchmark/SF110-src/SF110-20130704-src/86_at-robots2-j/src/main/java/net/virtualinfinity/atrobots/robot/Robot.java,net.virtualinfinity.atrobots.robot.Robot,getHeatSinks/0,false,125,1,1,1,0,1,0,3,1,0,0,0,0,0,0,0,0,0,0,0,0,0,0,0,0,0,4,1,0,false
/Users/angelikamentzelopoulou/Desktop/Y3/RP/BSc-Research-Project-Understandable-Test-Generation/benchmark/SF110-src/SF110-20130704-src/86_at-robots2-j/src/main/java/net/virtualinfinity/atrobots/robot/Robot.java,net.virtualinfinity.atrobots.robot.Robot,setTransceiver/1[net.virtualinfinity.atrobots.robot.Transceiver],false,218,1,0,0,0,1,0,3,0,0,1,0,0,0,0,0,0,0,0,0,1,0,0,0,0,0,3,1,0,false
/Users/angelikamentzelopoulou/Desktop/Y3/RP/BSc-Research-Project-Understandable-Test-Generation/benchmark/SF110-src/SF110-20130704-src/86_at-robots2-j/src/main/java/net/virtualinfinity/atrobots/robot/Robot.java,net.virtualinfinity.atrobots.robot.Robot,getCoolTemp/1[net.virtualinfinity.atrobots.robot.Duration],false,371,2,1,1,0,1,2,3,1,0,1,2,0,0,0,0,0,0,0,1,0,1,0,0,0,0,6,2,0,false
/Users/angelikamentzelopoulou/Desktop/Y3/RP/BSc-Research-Project-Understandable-Test-Generation/benchmark/SF110-src/SF110-20130704-src/86_at-robots2-j/src/main/java/net/virtualinfinity/atrobots/robot/Robot.java,net.virtualinfinity.atrobots.robot.Robot,getShutdownLevelLatchPort/0,false,189,2,0,0,0,1,0,11,1,0,0,0,0,0,0,0,0,0,0,0,0,0,0,1,0,0,9,1,0,false
/Users/angelikamentzelopoulou/Desktop/Y3/RP/BSc-Research-Project-Understandable-Test-Generation/benchmark/SF110-src/SF110-20130704-src/86_at-robots2-j/src/main/java/net/virtualinfinity/atrobots/robot/Robot.java,net.virtualinfinity.atrobots.robot.Robot,getTotalTies/0,false,430,0,1,1,0,1,1,3,1,0,0,1,0,0,0,0,0,0,0,0,0,0,0,0,0,0,3,1,0,false
/Users/angelikamentzelopoulou/Desktop/Y3/RP/BSc-Research-Project-Understandable-Test-Generation/benchmark/SF110-src/SF110-20130704-src/86_at-robots2-j/src/main/java/net/virtualinfinity/atrobots/robot/Robot.java,net.virtualinfinity.atrobots.robot.Robot,getTotalWins/0,false,426,0,1,1,0,1,1,3,1,0,0,1,0,0,0,0,0,0,0,0,0,0,0,0,0,0,3,1,0,false
/Users/angelikamentzelopoulou/Desktop/Y3/RP/BSc-Research-Project-Understandable-Test-Generation/benchmark/SF110-src/SF110-20130704-src/86_at-robots2-j/src/main/java/net/virtualinfinity/atrobots/robot/Robot.java,net.virtualinfinity.atrobots.robot.Robot,getOverburnLatchPort/0,false,173,2,0,0,0,1,0,11,1,0,0,0,0,0,0,0,0,0,0,0,0,0,0,1,0,0,10,1,0,false
/Users/angelikamentzelopoulou/Desktop/Y3/RP/BSc-Research-Project-Understandable-Test-Generation/benchmark/SF110-src/SF110-20130704-src/86_at-robots2-j/src/main/java/net/virtualinfinity/atrobots/robot/Robot.java,net.virtualinfinity.atrobots.robot.Robot,setTransponder/1[net.virtualinfinity.atrobots.robot.Transponder],false,214,1,0,0,0,1,0,3,0,0,1,0,0,0,0,0,0,0,0,0,1,0,0,0,0,0,3,1,0,false
/Users/angelikamentzelopoulou/Desktop/Y3/RP/BSc-Research-Project-Understandable-Test-Generation/benchmark/SF110-src/SF110-20130704-src/86_at-robots2-j/src/main/java/net/virtualinfinity/atrobots/robot/Robot.java,net.virtualinfinity.atrobots.robot.Robot,getAimTurretPort/0,false,153,2,0,0,0,1,0,8,1,0,0,0,0,0,0,0,0,0,0,0,0,0,0,1,0,0,9,1,0,false
/Users/angelikamentzelopoulou/Desktop/Y3/RP/BSc-Research-Project-Understandable-Test-Generation/benchmark/SF110-src/SF110-20130704-src/86_at-robots2-j/src/main/java/net/virtualinfinity/atrobots/robot/Robot.java,net.virtualinfinity.atrobots.robot.Robot,createSpecificSnapshot/0,false,283,3,14,0,14,1,34,18,1,1,0,34,14,1,0,0,0,0,0,0,1,0,0,0,0,0,25,4,0,false
/Users/angelikamentzelopoulou/Desktop/Y3/RP/BSc-Research-Project-Understandable-Test-Generation/benchmark/SF110-src/SF110-20130704-src/86_at-robots2-j/src/main/java/net/virtualinfinity/atrobots/robot/Robot.java,net.virtualinfinity.atrobots.robot.Robot,getRoundKills/0,false,414,0,2,2,0,1,0,3,1,0,0,0,0,0,0,0,0,0,0,0,0,0,0,0,0,0,4,1,0,false
/Users/angelikamentzelopoulou/Desktop/Y3/RP/BSc-Research-Project-Understandable-Test-Generation/benchmark/SF110-src/SF110-20130704-src/86_at-robots2-j/src/main/java/net/virtualinfinity/atrobots/robot/Robot.java,net.virtualinfinity.atrobots.robot.Robot,"createGetRobotStatisticsInterrupt/3[net.virtualinfinity.atrobots.robot.MemoryCell,net.virtualinfinity.atrobots.robot.MemoryCell,net.virtualinfinity.atrobots.robot.MemoryCell]",false,447,2,1,0,1,1,0,3,1,0,3,0,0,0,0,0,0,0,0,0,0,0,0,0,0,0,9,1,0,false
/Users/angelikamentzelopoulou/Desktop/Y3/RP/BSc-Research-Project-Understandable-Test-Generation/benchmark/SF110-src/SF110-20130704-src/86_at-robots2-j/src/main/java/net/virtualinfinity/atrobots/robot/Robot.java,net.virtualinfinity.atrobots.robot.Robot,inflictedDamage/1[double],false,399,0,0,0,0,2,4,6,0,0,1,4,0,0,1,0,0,0,0,0,1,0,1,0,0,0,12,1,0,false
/Users/angelikamentzelopoulou/Desktop/Y3/RP/BSc-Research-Project-Understandable-Test-Generation/benchmark/SF110-src/SF110-20130704-src/86_at-robots2-j/src/main/java/net/virtualinfinity/atrobots/robot/Robot.java,net.virtualinfinity.atrobots.robot.Robot,getRadar/0,false,149,1,0,0,0,1,0,3,1,0,0,0,0,0,0,0,0,0,0,0,0,0,0,0,0,0,3,1,0,false
/Users/angelikamentzelopoulou/Desktop/Y3/RP/BSc-Research-Project-Understandable-Test-Generation/benchmark/SF110-src/SF110-20130704-src/86_at-robots2-j/src/main/java/net/virtualinfinity/atrobots/robot/Robot.java,net.virtualinfinity.atrobots.robot.Robot,getHardwareBus/0,false,243,1,0,0,0,1,0,3,1,0,0,0,0,0,0,0,0,0,0,0,0,0,0,0,0,0,4,1,0,false
/Users/angelikamentzelopoulou/Desktop/Y3/RP/BSc-Research-Project-Understandable-Test-Generation/benchmark/SF110-src/SF110-20130704-src/86_at-robots2-j/src/main/java/net/virtualinfinity/atrobots/robot/Robot.java,net.virtualinfinity.atrobots.robot.Robot,reset/0,false,251,1,1,0,1,1,1,3,0,0,0,1,1,1,0,0,0,0,0,0,0,0,0,0,0,0,4,1,0,false
/Users/angelikamentzelopoulou/Desktop/Y3/RP/BSc-Research-Project-Understandable-Test-Generation/benchmark/SF110-src/SF110-20130704-src/86_at-robots2-j/src/main/java/net/virtualinfinity/atrobots/robot/Robot.java,net.virtualinfinity.atrobots.robot.Robot,getDesiredHeading/0,false,165,1,1,1,0,1,0,3,1,0,0,0,0,0,0,0,0,0,0,0,0,0,0,0,0,0,4,1,0,false
/Users/angelikamentzelopoulou/Desktop/Y3/RP/BSc-Research-Project-Understandable-Test-Generation/benchmark/SF110-src/SF110-20130704-src/86_at-robots2-j/src/main/java/net/virtualinfinity/atrobots/robot/Robot.java,net.virtualinfinity.atrobots.robot.Robot,setTurret/1[net.virtualinfinity.atrobots.robot.Turret],false,210,1,0,0,0,1,0,3,0,0,1,0,0,0,0,0,0,0,0,0,1,0,0,0,0,0,3,1,0,false
/Users/angelikamentzelopoulou/Desktop/Y3/RP/BSc-Research-Project-Understandable-Test-Generation/benchmark/SF110-src/SF110-20130704-src/86_at-robots2-j/src/main/java/net/virtualinfinity/atrobots/robot/Robot.java,net.virtualinfinity.atrobots.robot.Robot,"scan/4[net.virtualinfinity.atrobots.robot.AngleBracket,double,boolean,boolean]",false,256,5,3,0,3,3,21,14,1,3,4,21,3,1,0,0,0,0,0,1,3,1,2,0,0,0,16,1,0,false
/Users/angelikamentzelopoulou/Desktop/Y3/RP/BSc-Research-Project-Understandable-Test-Generation/benchmark/SF110-src/SF110-20130704-src/86_at-robots2-j/src/main/java/net/virtualinfinity/atrobots/robot/Robot.java,net.virtualinfinity.atrobots.robot.Robot,collides/0,false,310,0,2,2,0,2,8,9,0,0,0,8,0,0,0,0,0,0,0,4,0,0,1,0,0,0,3,1,0,false
/Users/angelikamentzelopoulou/Desktop/Y3/RP/BSc-Research-Project-Understandable-Test-Generation/benchmark/SF110-src/SF110-20130704-src/86_at-robots2-j/src/main/java/net/virtualinfinity/atrobots/robot/Robot.java,net.virtualinfinity.atrobots.robot.Robot,getSpeed/0,false,100,1,1,1,0,1,0,3,1,0,0,0,0,0,0,0,0,0,0,0,0,0,0,0,0,0,3,1,0,false
/Users/angelikamentzelopoulou/Desktop/Y3/RP/BSc-Research-Project-Understandable-Test-Generation/benchmark/SF110-src/SF110-20130704-src/86_at-robots2-j/src/main/java/net/virtualinfinity/atrobots/robot/Robot.java,net.virtualinfinity.atrobots.robot.Robot,setRadar/1[net.virtualinfinity.atrobots.robot.Radar],false,227,1,0,0,0,1,0,3,0,0,1,0,0,0,0,0,0,0,0,0,1,0,0,0,0,0,3,1,0,false
/Users/angelikamentzelopoulou/Desktop/Y3/RP/BSc-Research-Project-Understandable-Test-Generation/benchmark/SF110-src/SF110-20130704-src/86_at-robots2-j/src/main/java/net/virtualinfinity/atrobots/robot/Robot.java,net.virtualinfinity.atrobots.robot.Robot,addRobotListener/1[net.virtualinfinity.atrobots.robot.RobotListener],false,434,1,0,0,0,1,1,3,0,0,1,1,0,0,0,0,0,0,0,0,0,0,0,0,0,0,4,1,0,false
/Users/angelikamentzelopoulou/Desktop/Y3/RP/BSc-Research-Project-Understandable-Test-Generation/benchmark/SF110-src/SF110-20130704-src/86_at-robots2-j/src/main/java/net/virtualinfinity/atrobots/robot/Robot.java,net.virtualinfinity.atrobots.robot.Robot,setShield/1[net.virtualinfinity.atrobots.robot.Shield],false,239,1,0,0,0,1,0,3,0,0,1,0,0,0,0,0,0,0,0,0,1,0,0,0,0,0,3,1,0,false
/Users/angelikamentzelopoulou/Desktop/Y3/RP/BSc-Research-Project-Understandable-Test-Generation/benchmark/SF110-src/SF110-20130704-src/86_at-robots2-j/src/main/java/net/virtualinfinity/atrobots/robot/Robot.java,net.virtualinfinity.atrobots.robot.Robot,armorDepleted/0,false,334,2,1,0,1,4,6,9,0,0,0,6,1,1,1,0,0,0,0,3,0,0,2,0,0,0,15,1,0,false
/Users/angelikamentzelopoulou/Desktop/Y3/RP/BSc-Research-Project-Understandable-Test-Generation/benchmark/SF110-src/SF110-20130704-src/86_at-robots2-j/src/main/java/net/virtualinfinity/atrobots/robot/Robot.java,net.virtualinfinity.atrobots.robot.Robot,getId/0,false,422,0,2,2,0,1,0,3,1,0,0,0,0,0,0,0,0,0,0,0,0,0,0,0,0,0,3,1,0,false
/Users/angelikamentzelopoulou/Desktop/Y3/RP/BSc-Research-Project-Understandable-Test-Generation/benchmark/SF110-src/SF110-20130704-src/86_at-robots2-j/src/main/java/net/virtualinfinity/atrobots/robot/Robot.java,net.virtualinfinity.atrobots.robot.Robot,getTransponder/0,false,96,1,0,0,0,1,0,3,1,0,0,0,0,0,0,0,0,0,0,0,0,0,0,0,0,0,3,1,0,false
/Users/angelikamentzelopoulou/Desktop/Y3/RP/BSc-Research-Project-Understandable-Test-Generation/benchmark/SF110-src/SF110-20130704-src/86_at-robots2-j/src/main/java/net/virtualinfinity/atrobots/robot/Robot.java,net.virtualinfinity.atrobots.robot.Robot,getSonar/0,false,169,1,0,0,0,1,0,3,1,0,0,0,0,0,0,0,0,0,0,0,0,0,0,0,0,0,3,1,0,false
/Users/angelikamentzelopoulou/Desktop/Y3/RP/BSc-Research-Project-Understandable-Test-Generation/benchmark/SF110-src/SF110-20130704-src/86_at-robots2-j/src/main/java/net/virtualinfinity/atrobots/robot/Robot.java,net.virtualinfinity.atrobots.robot.Robot,getArmor/0,false,145,1,2,2,0,1,0,3,1,0,0,0,0,0,0,0,0,0,0,0,0,0,0,0,0,0,3,1,0,false
/Users/angelikamentzelopoulou/Desktop/Y3/RP/BSc-Research-Project-Understandable-Test-Generation/benchmark/SF110-src/SF110-20130704-src/86_at-robots2-j/src/main/java/net/virtualinfinity/atrobots/robot/Robot.java,net.virtualinfinity.atrobots.robot.Robot,killedRobot/0,false,393,0,0,0,0,2,1,5,0,0,0,1,0,0,1,0,0,0,0,0,0,0,1,0,0,0,6,1,0,false
/Users/angelikamentzelopoulou/Desktop/Y3/RP/BSc-Research-Project-Understandable-Test-Generation/benchmark/SF110-src/SF110-20130704-src/86_at-robots2-j/src/main/java/net/virtualinfinity/atrobots/robot/Robot.java,net.virtualinfinity.atrobots.robot.Robot,setOverburn/1[boolean],false,92,0,2,2,0,1,0,3,0,0,1,0,0,0,0,0,0,0,0,0,1,0,0,0,0,0,3,1,0,false
/Users/angelikamentzelopoulou/Desktop/Y3/RP/BSc-Research-Project-Understandable-Test-Generation/benchmark/SF110-src/SF110-20130704-src/86_at-robots2-j/src/main/java/net/virtualinfinity/atrobots/robot/Robot.java,net.virtualinfinity.atrobots.robot.Robot,tieRound/0,false,387,0,0,0,0,2,1,5,0,0,0,1,0,0,1,0,0,0,0,0,0,0,1,0,0,0,7,1,0,false
/Users/angelikamentzelopoulou/Desktop/Y3/RP/BSc-Research-Project-Understandable-Test-Generation/benchmark/SF110-src/SF110-20130704-src/86_at-robots2-j/src/main/java/net/virtualinfinity/atrobots/robot/Robot.java,net.virtualinfinity.atrobots.robot.Robot,getHeading/0,false,129,1,4,4,0,1,0,3,1,0,0,0,0,0,0,0,0,0,0,0,0,0,0,0,0,0,3,1,0,false
/Users/angelikamentzelopoulou/Desktop/Y3/RP/BSc-Research-Project-Understandable-Test-Generation/benchmark/SF110-src/SF110-20130704-src/86_at-robots2-j/src/main/java/net/virtualinfinity/atrobots/robot/Robot.java,net.virtualinfinity.atrobots.robot.Robot,checkCollision/1[net.virtualinfinity.atrobots.robot.TangibleArenaObject],false,303,2,1,0,1,2,5,6,0,0,1,5,1,1,0,0,0,0,0,1,0,0,1,0,0,0,8,1,0,false
/Users/angelikamentzelopoulou/Desktop/Y3/RP/BSc-Research-Project-Understandable-Test-Generation/benchmark/SF110-src/SF110-20130704-src/86_at-robots2-j/src/main/java/net/virtualinfinity/atrobots/robot/Robot.java,net.virtualinfinity.atrobots.robot.Robot,getTotalDeaths/0,false,418,0,2,2,0,1,1,3,1,0,0,1,0,0,0,0,0,0,0,0,0,0,0,0,0,0,3,1,0,false
